1,0,DO63af4d-221025-UK012824,UK012824-221025-8b7629a6,아리,비숑 프리제,남자,1.8,00:00.0,https://doggly-bucket-prod.s3.ap-northeast-2.amazonaws.com/dog/size/2497941645/eb317473.jpeg,https://doggly-bucket-prod.s3.ap-northeast-2.amazonaws.com/dog/size/2497941645/eb317473.jpeg,26.9,22,16,11,USER,USER
2,2,DO529e3f-221007-UK02207f,UK02207f-221007-5a309426,설이,푸들 미디엄미니어처,모르겠어요,3.7,00:00.0,https://doggly-bucket-prod.s3.ap-northeast-2.amazonaws.com/dog/size/2474726541/9544a139.jpeg,https://doggly-bucket-prod.s3.ap-northeast-2.amazonaws.com/dog/size/2474726541/9544a139.jpeg,39,31,27,17,USER,USER
3,3,DO117d14-221018-UK07e4a3,UK07e4a3-221018-3f6c9557,주댕이,말티즈,모르겠어요,4.8,00:00.0,https://doggly-bucket-prod.s3.ap-northeast-2.amazonaws.com/dog/size/2489116994/2b0515bd.jpeg,https://doggly-bucket-prod.s3.ap-northeast-2.amazonaws.com/dog/size/2489116994/2b0515bd.jpeg,37,30,22.5,18,USER,USER
4,5,DO29c685-221011-UK090ff3,UK090ff3-221011-3d9dea56,나래,말티즈,모르겠어요,2.3,00:00.0,https://doggly-bucket-prod.s3.ap-northeast-2.amazonaws.com/dog/size/2480742542/e19b6751.jpeg,https://doggly-bucket-prod.s3.ap-northeast-2.amazonaws.com/dog/size/2480742542/e19b6751.jpeg,34,27,20,11,USER,USER
5,6,DOaa5d3f-221017-UK0baddb,UK0baddb-221017-3b99a50c,호두,푸들토이,모르겠어요,4.8,00:00.0,https://doggly-bucket-prod.s3.ap-northeast-2.amazonaws.com/dog/size/2487983513/af6b65f6.jpeg,https://doggly-bucket-prod.s3.ap-northeast-2.amazonaws.com/dog/size/2487983513/af6b65f6.jpeg,40,35,24,24,USER,USER
6,7,DOd8609e-221017-UK0baddb,UK0baddb-221017-3b99a50c,레오,푸들토이,모르겠어요,3.4,00:00.0,https://doggly-bucket-prod.s3.ap-northeast-2.amazonaws.com/dog/size/2487983513/1cc092e3.jpeg,https://doggly-bucket-prod.s3.ap-northeast-2.amazonaws.com/dog/size/2487983513/1cc092e3.jpeg,33,34,20,25,USER,USER
7,8,DOe384d7-221009-UK0bd01b,UK0bd01b-221009-fec77c0f,머니,진돗개,모르겠어요,20,00:00.0,https://doggly-bucket-prod.s3.ap-northeast-2.amazonaws.com/dog/size/2478313894/33c052b5.jpeg,https://doggly-bucket-prod.s3.ap-northeast-2.amazonaws.com/dog/size/2478313894/33c052b5.jpeg,64,51,41,27.5,USER,USER
8,9,DO53671d-221024-UK0d8518,UK0d8518-221023-a6c333c4,아루,치와와,모르겠어요,2.1,00:00.0,https://doggly-bucket-prod.s3.ap-northeast-2.amazonaws.com/dog/size/2495585093/7d957de4.jpeg,https://doggly-bucket-prod.s3.ap-northeast-2.amazonaws.com/dog/size/2495585093/7d957de4.jpeg,26,26,22,12,USER,USER
9,10,DOd546a9-221018-UK117fe7,UK117fe7-221018-7a140ef9,구뽕이,믹스 중형견,모르겠어요,3.2,00:00.0,https://doggly-bucket-prod.s3.ap-northeast-2.amazonaws.com/dog/size/2488772799/a559eb9d.jpeg,https://doggly-bucket-prod.s3.ap-northeast-2.amazonaws.com/dog/size/2488772799/a559eb9d.jpeg,33,34,20,14,USER,USER
10,11,DOd9416f-221017-UK11fbab,UK11fbab-221017-15913cd3,사랑이,포메라니안,모르겠어요,4.8,00:00.0,https://doggly-bucket-prod.s3.ap-northeast-2.amazonaws.com/dog/size/2487359982/7b263f61.jpeg,https://doggly-bucket-prod.s3.ap-northeast-2.amazonaws.com/dog/size/2487359982/7b263f61.jpeg,30.1,48,24.2,27.8,USER,USER
11,13,DO0e439a-221026-UK161041,UK161041-221026-af886fc5,사랑이,포메라니안,모르겠어요,3,00:00.0,https://doggly-bucket-prod.s3.ap-northeast-2.amazonaws.com/dog/size/2499213509/969e5f7d.jpeg,https://doggly-bucket-prod.s3.ap-northeast-2.amazonaws.com/dog/size/2499213509/969e5f7d.jpeg,35,30,18,10,USER,USER
12,16,DOc3c80c-221025-UK196717,UK196717-221025-91c46bb5,렛서,비숑 프리제,모르겠어요,5.4,00:00.0,https://doggly-bucket-prod.s3.ap-northeast-2.amazonaws.com/dog/size/2497455955/092629bd.jpeg,https://doggly-bucket-prod.s3.ap-northeast-2.amazonaws.com/dog/size/2497455955/092629bd.jpeg,25.6,28,24,26,USER,USER
13,18,DO94cc84-221023-UK20b609,UK20b609-221023-60503a0b,뭉치,비숑 프리제,모르겠어요,8.4,00:00.0,https://doggly-bucket-prod.s3.ap-northeast-2.amazonaws.com/dog/size/2495106260/56e7da03.jpeg,https://doggly-bucket-prod.s3.ap-northeast-2.amazonaws.com/dog/size/2495106260/56e7da03.jpeg,44,48,23,23,USER,USER
14,19,DO03fded-221024-UK238c4b,UK238c4b-221024-f5078c69,초코,말티즈,모르겠어요,6,00:00.0,https://doggly-bucket-prod.s3.ap-northeast-2.amazonaws.com/dog/size/2497000473/df1efe05.jpeg,https://doggly-bucket-prod.s3.ap-northeast-2.amazonaws.com/dog/size/2497000473/df1efe05.jpeg,45,32,26,14,USER,USER
15,22,DO12162b-221022-UK2ad521,UK2ad521-221022-114eba62,벤더,믹스 대형견,모르겠어요,30,00:00.0,https://doggly-bucket-prod.s3.ap-northeast-2.amazonaws.com/dog/size/2494553940/973b96fb.jpeg,https://doggly-bucket-prod.s3.ap-northeast-2.amazonaws.com/dog/size/2494553940/973b96fb.jpeg,77,58,48,30,USER,USER
16,26,DO881ffd-221025-UK2f19a7,UK2f19a7-221025-709bebf6,쫄이,포메라니안,모르겠어요,2.5,00:00.0,https://doggly-bucket-prod.s3.ap-northeast-2.amazonaws.com/dog/size/2498141221/23242026.jpeg,https://doggly-bucket-prod.s3.ap-northeast-2.amazonaws.com/dog/size/2498141221/23242026.jpeg,40,55,25,12,USER,USER
17,27,DO54bbd0-221007-UK37e09b,UK37e09b-221007-13ae9a84,권꼬미,포메라니안,모르겠어요,4,00:00.0,https://doggly-bucket-prod.s3.ap-northeast-2.amazonaws.com/dog/size/2475342189/f0621f96.jpeg,https://doggly-bucket-prod.s3.ap-northeast-2.amazonaws.com/dog/size/2475342189/f0621f96.jpeg,38.5,24.5,24,13,USER,USER
18,28,DOe74efd-221010-UK3ecbf1,UK3ecbf1-221010-e1408c45,달,재패니즈 스피츠,모르겠어요,5.8,00:00.0,https://doggly-bucket-prod.s3.ap-northeast-2.amazonaws.com/dog/size/2478507995/5eff6038.jpeg,https://doggly-bucket-prod.s3.ap-northeast-2.amazonaws.com/dog/size/2478507995/5eff6038.jpeg,17.5,29.5,12.9,18,USER,USER
19,30,DO8931b0-221020-UK427704,UK427704-221020-6df3ff56,땅콩,포메라니안,모르겠어요,0.75,00:00.0,https://doggly-bucket-prod.s3.ap-northeast-2.amazonaws.com/dog/size/2492073231/1f41801c.jpeg,https://doggly-bucket-prod.s3.ap-northeast-2.amazonaws.com/dog/size/2492073231/1f41801c.jpeg,25,21,7,8,USER,USER
20,31,DObf0884-221007-UK459e40,UK459e40-220922-ec926203,감자,포메라니안,모르겠어요,3.2,00:00.0,https://doggly-bucket-prod.s3.ap-northeast-2.amazonaws.com/dog/size/2439801783/8148041e.jpeg,https://doggly-bucket-prod.s3.ap-northeast-2.amazonaws.com/dog/size/2439801783/8148041e.jpeg,36,24,23,13,USER,USER
21,34,DOa612d4-221022-UK54b32e,UK54b32e-221002-0ce5b4b7,양갱,보스턴 테리어,모르겠어요,8,00:00.0,https://doggly-bucket-prod.s3.ap-northeast-2.amazonaws.com/dog/size/2468511685/a95b7c3b.jpeg,https://doggly-bucket-prod.s3.ap-northeast-2.amazonaws.com/dog/size/2468511685/a95b7c3b.jpeg,50,49,29,20,USER,USER
22,35,DO29865e-221022-UK54b32e,UK54b32e-221002-0ce5b4b7,양갱,보스턴 테리어,모르겠어요,8.5,00:00.0,https://doggly-bucket-prod.s3.ap-northeast-2.amazonaws.com/dog/size/2468511685/f613e17d.jpeg,https://doggly-bucket-prod.s3.ap-northeast-2.amazonaws.com/dog/size/2468511685/f613e17d.jpeg,50,50,28,25,USER,USER
23,36,DOade9aa-221024-UK5566ad,UK5566ad-221024-ee15ec83,곰이,진돗개,모르겠어요,25,00:00.0,https://doggly-bucket-prod.s3.ap-northeast-2.amazonaws.com/dog/size/2496052072/c8757007.jpeg,https://doggly-bucket-prod.s3.ap-northeast-2.amazonaws.com/dog/size/2496052072/c8757007.jpeg,65,57,43.5,35,USER,USER
24,39,DOb0378d-221011-UK57da31,UK57da31-221011-859b2968,태양이,믹스 중형견,모르겠어요,12,00:00.0,https://doggly-bucket-prod.s3.ap-northeast-2.amazonaws.com/dog/size/2480598931/6c29a583.jpeg,https://doggly-bucket-prod.s3.ap-northeast-2.amazonaws.com/dog/size/2480598931/6c29a583.jpeg,54,66,38,18,USER,USER
25,40,DOc2b3f3-221017-UK58b04f,UK58b04f-221017-76da0ac5,탄,퍼그,모르겠어요,13,00:00.0,https://doggly-bucket-prod.s3.ap-northeast-2.amazonaws.com/dog/size/2486939117/213dbd61.jpeg,https://doggly-bucket-prod.s3.ap-northeast-2.amazonaws.com/dog/size/2486939117/213dbd61.jpeg,60,42,37,19,USER,USER
26,42,DO03d3e3-221020-UK5d5e21,UK5d5e21-221020-71f45366,우유,재패니즈 스피츠,모르겠어요,7,00:00.0,https://doggly-bucket-prod.s3.ap-northeast-2.amazonaws.com/dog/size/2491024047/3ffd55da.jpeg,https://doggly-bucket-prod.s3.ap-northeast-2.amazonaws.com/dog/size/2491024047/3ffd55da.jpeg,43,40,29,20,USER,USER
27,43,DO030749-221025-UK6333d7,UK6333d7-221025-b3c5c90a,몽이,믹스 중형견,모르겠어요,14,00:00.0,https://doggly-bucket-prod.s3.ap-northeast-2.amazonaws.com/dog/size/2498419477/c182f8f5.jpeg,https://doggly-bucket-prod.s3.ap-northeast-2.amazonaws.com/dog/size/2498419477/c182f8f5.jpeg,58,48,35.5,23,USER,USER
28,44,DOb71e0e-221007-UK645c6d,UK645c6d-220922-75d13ed4,러뷰,푸들토이,모르겠어요,3.9,00:00.0,https://doggly-bucket-prod.s3.ap-northeast-2.amazonaws.com/dog/size/2439863420/151eeb0c.jpeg,https://doggly-bucket-prod.s3.ap-northeast-2.amazonaws.com/dog/size/2439863420/151eeb0c.jpeg,38,35,24.6,20,USER,USER
29,45,DOcdb59d-221017-UK6725f5,UK6725f5-221017-62615962,하이,비숑 프리제,모르겠어요,3.3,00:00.0,https://doggly-bucket-prod.s3.ap-northeast-2.amazonaws.com/dog/size/2487931172/2a453f11.jpeg,https://doggly-bucket-prod.s3.ap-northeast-2.amazonaws.com/dog/size/2487931172/2a453f11.jpeg,25.3,29.5,20,18,USER,USER
30,46,DO509bd2-221017-UK67d292,UK67d292-221017-effbcea1,탄이,포메라니안,모르겠어요,4,00:00.0,https://doggly-bucket-prod.s3.ap-northeast-2.amazonaws.com/dog/size/2488098918/6f799481.jpeg,https://doggly-bucket-prod.s3.ap-northeast-2.amazonaws.com/dog/size/2488098918/6f799481.jpeg,41,30,25,17.5,USER,USER
31,47,DO703025-221007-UK6a206d,UK6a206d-221007-9ad7ee4b,후추,푸들토이,모르겠어요,3.5,00:00.0,https://doggly-bucket-prod.s3.ap-northeast-2.amazonaws.com/dog/size/2475502823/cf986284.jpeg,https://doggly-bucket-prod.s3.ap-northeast-2.amazonaws.com/dog/size/2475502823/cf986284.jpeg,31,38,20,18,USER,USER
32,49,DO9a0c40-221024-UK6bb755,UK6bb755-221024-3712219e,도꿍,푸들토이,모르겠어요,6,00:00.0,https://doggly-bucket-prod.s3.ap-northeast-2.amazonaws.com/dog/size/2496846033/388f8e7b.jpeg,https://doggly-bucket-prod.s3.ap-northeast-2.amazonaws.com/dog/size/2496846033/388f8e7b.jpeg,42,37,26,22,USER,USER
33,50,DO09fd25-221021-UK6e69d2,UK6e69d2-221021-3aabf3b3,정이,믹스 소형견,모르겠어요,8.5,00:00.0,https://doggly-bucket-prod.s3.ap-northeast-2.amazonaws.com/dog/size/2493069146/4024f883.jpeg,https://doggly-bucket-prod.s3.ap-northeast-2.amazonaws.com/dog/size/2493069146/4024f883.jpeg,50,42,28,25,USER,USER
34,53,DOd5da6d-221020-UK72db63,UK72db63-221015-d2958695,요미,포메라니안,모르겠어요,1.8,00:00.0,https://doggly-bucket-prod.s3.ap-northeast-2.amazonaws.com/dog/size/2485384493/a582c46c.jpeg,https://doggly-bucket-prod.s3.ap-northeast-2.amazonaws.com/dog/size/2485384493/a582c46c.jpeg,30,19,19,13,USER,USER
35,54,DO86a6cf-221017-UK73d926,UK73d926-221017-5100c8a1,구름,포메라니안,모르겠어요,3.3,00:00.0,https://doggly-bucket-prod.s3.ap-northeast-2.amazonaws.com/dog/size/2487792258/a1ab2d76.jpeg,https://doggly-bucket-prod.s3.ap-northeast-2.amazonaws.com/dog/size/2487792258/a1ab2d76.jpeg,37,26,30,12,USER,USER
36,57,DOc77e07-221014-UK776dfd,UK776dfd-221014-a855713f,밀키,비숑 프리제,모르겠어요,6.3,00:00.0,https://doggly-bucket-prod.s3.ap-northeast-2.amazonaws.com/dog/size/2485086021/5fcfccc4.jpeg,https://doggly-bucket-prod.s3.ap-northeast-2.amazonaws.com/dog/size/2485086021/5fcfccc4.jpeg,42,34,30,19,USER,USER
37,60,DO9fa9ed-221007-UK788e03,UK788e03-221007-47756723,관우,셔틀랜드 쉽독,모르겠어요,14,00:00.0,https://doggly-bucket-prod.s3.ap-northeast-2.amazonaws.com/dog/size/2474786956/62aa9855.jpeg,https://doggly-bucket-prod.s3.ap-northeast-2.amazonaws.com/dog/size/2474786956/62aa9855.jpeg,71,51,40,30,USER,USER
38,65,DO4c1bc6-221026-UK82df25,UK82df25-221026-d3d1154c,김덕구,골든 리트리버,모르겠어요,39.2,00:00.0,https://doggly-bucket-prod.s3.ap-northeast-2.amazonaws.com/dog/size/2498889236/48bb80b9.jpeg,https://doggly-bucket-prod.s3.ap-northeast-2.amazonaws.com/dog/size/2498889236/48bb80b9.jpeg,88,71,51,37,USER,USER
39,67,DO392752-221013-UK849684,UK849684-221006-63c28c81,도글이,믹스 소형견,모르겠어요,3,00:00.0,https://doggly-bucket-prod.s3.ap-northeast-2.amazonaws.com/dog/size/2368120258/c2e15817.jpeg,https://doggly-bucket-prod.s3.ap-northeast-2.amazonaws.com/dog/size/2368120258/c2e15817.jpeg,12,12,12,12,USER,USER
40,69,DOc63de4-221023-UK852f0e,UK852f0e-221023-be412e29,황오키,비숑 프리제,모르겠어요,2,00:00.0,https://doggly-bucket-prod.s3.ap-northeast-2.amazonaws.com/dog/size/2495281391/78e6b93c.jpeg,https://doggly-bucket-prod.s3.ap-northeast-2.amazonaws.com/dog/size/2495281391/78e6b93c.jpeg,30,28,17,14,USER,USER
41,71,DOa3b925-221025-UK863a9e,UK863a9e-220810-a5c8fea7,요미,푸들토이,모르겠어요,3.95,00:00.0,https://doggly-bucket-prod.s3.ap-northeast-2.amazonaws.com/dog/size/2383482970/619d9efe.jpeg,https://doggly-bucket-prod.s3.ap-northeast-2.amazonaws.com/dog/size/2383482970/619d9efe.jpeg,38,32,24,18,USER,USER
42,73,DO10ed2f-221024-UK880462,UK880462-221024-586843fe,빵쀼,푸들토이,모르겠어요,5.4,00:00.0,https://doggly-bucket-prod.s3.ap-northeast-2.amazonaws.com/dog/size/2496622388/5efa07db.jpeg,https://doggly-bucket-prod.s3.ap-northeast-2.amazonaws.com/dog/size/2496622388/5efa07db.jpeg,40.4,40,6,10.7,USER,USER
43,74,DO5c199a-221018-UK8b1896,UK8b1896-220923-304899cd,타타,푸들 미디엄미니어처,모르겠어요,9.56,00:00.0,https://doggly-bucket-prod.s3.ap-northeast-2.amazonaws.com/dog/size/2440328251/3ff70852.jpeg,https://doggly-bucket-prod.s3.ap-northeast-2.amazonaws.com/dog/size/2440328251/3ff70852.jpeg,54.1,34.2,30.2,26.5,USER,USER
44,76,DO4705a1-221021-UK907359,UK907359-220824-25ad9923,홀리,믹스 소형견,모르겠어요,8.2,00:00.0,https://doggly-bucket-prod.s3.ap-northeast-2.amazonaws.com/dog/size/2401159117/b8297296.jpeg,https://doggly-bucket-prod.s3.ap-northeast-2.amazonaws.com/dog/size/2401159117/b8297296.jpeg,46,40,32,12,USER,USER
45,78,DO6b54b3-221013-UK921243,UK921243-221013-3b28db8b,레오,포메라니안,모르겠어요,2.2,00:00.0,https://doggly-bucket-prod.s3.ap-northeast-2.amazonaws.com/dog/size/2483040761/60bb3c08.jpeg,https://doggly-bucket-prod.s3.ap-northeast-2.amazonaws.com/dog/size/2483040761/60bb3c08.jpeg,31.3,26,8.5,12,USER,USER
46,84,DOa527a9-221017-UK9b6406,UK9b6406-221017-c3a1176f,송이,말티즈,모르겠어요,5,00:00.0,https://doggly-bucket-prod.s3.ap-northeast-2.amazonaws.com/dog/size/2488050898/cc562081.jpeg,https://doggly-bucket-prod.s3.ap-northeast-2.amazonaws.com/dog/size/2488050898/cc562081.jpeg,26,32,23,13,USER,USER
47,85,DOc8a828-221008-UK9c4d84,UK9c4d84-221008-e3a00d12,뭉이,재패니즈 스피츠,모르겠어요,9.9,00:00.0,https://doggly-bucket-prod.s3.ap-northeast-2.amazonaws.com/dog/size/2476050453/c10ae4fa.jpeg,https://doggly-bucket-prod.s3.ap-northeast-2.amazonaws.com/dog/size/2476050453/c10ae4fa.jpeg,52,45,32,25,USER,USER
48,88,DO60753a-221027-UKa4cc9b,UKa4cc9b-221027-c2f30bb8,보리,푸들토이,모르겠어요,5,00:00.0,https://doggly-bucket-prod.s3.ap-northeast-2.amazonaws.com/dog/size/2501134795/e781f7dc.jpeg,https://doggly-bucket-prod.s3.ap-northeast-2.amazonaws.com/dog/size/2501134795/e781f7dc.jpeg,25,38,27,20,USER,USER
49,91,DOc1f2ce-221022-UKa8d272,UKa8d272-221022-cdf79005,손오반,믹스 중형견,모르겠어요,13,00:00.0,https://doggly-bucket-prod.s3.ap-northeast-2.amazonaws.com/dog/size/2494427366/db3d9e08.jpeg,https://doggly-bucket-prod.s3.ap-northeast-2.amazonaws.com/dog/size/2494427366/db3d9e08.jpeg,53,50,35,25,USER,USER
50,94,DO9873ed-221029-UKab24b7,UKab24b7-221029-e879e24f,탄이,포메라니안,모르겠어요,2.9,00:00.0,https://doggly-bucket-prod.s3.ap-northeast-2.amazonaws.com/dog/size/2503847637/14d1d321.jpeg,https://doggly-bucket-prod.s3.ap-northeast-2.amazonaws.com/dog/size/2503847637/14d1d321.jpeg,37,20,22,11,USER,USER
51,97,DO30bc8b-221015-UKb6cd9c,UKb6cd9c-220810-82c22e67,뽀이 ,말티즈,모르겠어요,5,00:00.0,https://doggly-bucket-prod.s3.ap-northeast-2.amazonaws.com/dog/size/2383034900/1850bb48.jpeg,https://doggly-bucket-prod.s3.ap-northeast-2.amazonaws.com/dog/size/2383034900/1850bb48.jpeg,41,32,29,20,USER,USER
52,99,DO85908a-221016-UKb7f508,UKb7f508-221016-7e0a3881,설기,비숑 프리제,모르겠어요,5.9,00:00.0,https://doggly-bucket-prod.s3.ap-northeast-2.amazonaws.com/dog/size/2486626962/a7b8e12b.jpeg,https://doggly-bucket-prod.s3.ap-northeast-2.amazonaws.com/dog/size/2486626962/a7b8e12b.jpeg,37,50,25,16,USER,USER
53,100,DO8ddaa5-221007-UKbac6c9,UKbac6c9-221007-d6c0b3d3,박토리,포메라니안,모르겠어요,6,00:00.0,https://doggly-bucket-prod.s3.ap-northeast-2.amazonaws.com/dog/size/2474725508/7c1f5d24.jpeg,https://doggly-bucket-prod.s3.ap-northeast-2.amazonaws.com/dog/size/2474725508/7c1f5d24.jpeg,53,30,33,17,USER,USER
54,101,DO9548ed-221016-UKbbc92d,UKbbc92d-221016-9de3b02a,정두온,포메라니안,모르겠어요,3.2,00:00.0,https://doggly-bucket-prod.s3.ap-northeast-2.amazonaws.com/dog/size/2486254863/ec05fc5f.jpeg,https://doggly-bucket-prod.s3.ap-northeast-2.amazonaws.com/dog/size/2486254863/ec05fc5f.jpeg,33.5,13,19,21,USER,USER
55,104,DO1b11bd-221101-UKc1768c,UKc1768c-221101-758f1597,정보리,믹스견,모르겠어요,16.9,00:00.0,https://doggly-bucket-prod.s3.ap-northeast-2.amazonaws.com/dog/size/2506483624/361c937a.jpeg,https://doggly-bucket-prod.s3.ap-northeast-2.amazonaws.com/dog/size/2506483624/361c937a.jpeg,59,51,39,26,USER,USER
56,105,DOf03cb3-221026-UKc3da67,UKc3da67-221026-982fab6e,마루,시츄,모르겠어요,5,00:00.0,https://doggly-bucket-prod.s3.ap-northeast-2.amazonaws.com/dog/size/2498860970/bfa9c197.jpeg,https://doggly-bucket-prod.s3.ap-northeast-2.amazonaws.com/dog/size/2498860970/bfa9c197.jpeg,38,31,25,14,USER,USER
57,106,DOfe1313-221020-UKca8cf6,UKca8cf6-220828-458f7216,솔,푸들토이,모르겠어요,3.8,00:00.0,https://doggly-bucket-prod.s3.ap-northeast-2.amazonaws.com/dog/size/2406320575/a82527d3.jpeg,https://doggly-bucket-prod.s3.ap-northeast-2.amazonaws.com/dog/size/2406320575/a82527d3.jpeg,36,32,23,19,USER,USER
58,112,DOf059a9-221017-UKcf2361,UKcf2361-221017-f1b0406c,푸푸,믹스 소형견,모르겠어요,0.6,00:00.0,https://doggly-bucket-prod.s3.ap-northeast-2.amazonaws.com/dog/size/2488090914/9ac58975.jpeg,https://doggly-bucket-prod.s3.ap-northeast-2.amazonaws.com/dog/size/2488090914/9ac58975.jpeg,22,21,12,8,USER,USER
59,114,DO8fee66-221007-UKd5a0e4,UKd5a0e4-221007-f6706a2e,소금이,비숑 프리제,모르겠어요,2.7,00:00.0,https://doggly-bucket-prod.s3.ap-northeast-2.amazonaws.com/dog/size/2475537028/f0d23b30.jpeg,https://doggly-bucket-prod.s3.ap-northeast-2.amazonaws.com/dog/size/2475537028/f0d23b30.jpeg,31,29,20,15,USER,USER
60,116,DOe42eba-221026-UKd9d4fd,UKd9d4fd-221026-3346824e,앙꼬,비숑 프리제,모르겠어요,1.8,00:00.0,https://doggly-bucket-prod.s3.ap-northeast-2.amazonaws.com/dog/size/2499153035/c96043f1.jpeg,https://doggly-bucket-prod.s3.ap-northeast-2.amazonaws.com/dog/size/2499153035/c96043f1.jpeg,25,27,16,11,USER,USER
61,118,DObbea83-221028-UKdecbac,UKdecbac-221028-e2c33df6,아령,퍼그,모르겠어요,7,00:00.0,https://doggly-bucket-prod.s3.ap-northeast-2.amazonaws.com/dog/size/2502315375/1c1fbd28.jpeg,https://doggly-bucket-prod.s3.ap-northeast-2.amazonaws.com/dog/size/2502315375/1c1fbd28.jpeg,47.14,33.32,31.5,16.01,USER,USER
62,119,DO6fc5e2-221021-UKdf95c9,UKdf95c9-221021-72d79e64,해리,말티즈,모르겠어요,3.6,00:00.0,https://doggly-bucket-prod.s3.ap-northeast-2.amazonaws.com/dog/size/2493280405/4d44d83d.jpeg,https://doggly-bucket-prod.s3.ap-northeast-2.amazonaws.com/dog/size/2493280405/4d44d83d.jpeg,35.96,29.87,22.95,14.37,USER,USER
63,120,DO1bfb5b-221018-UKdff9a5,UKdff9a5-221018-bd9dc940,마리,보더콜리,모르겠어요,15,00:00.0,https://doggly-bucket-prod.s3.ap-northeast-2.amazonaws.com/dog/size/2488420735/295e9b26.jpeg,https://doggly-bucket-prod.s3.ap-northeast-2.amazonaws.com/dog/size/2488420735/295e9b26.jpeg,65,40,43,39,USER,USER
64,121,DOaac882-221018-UKe0b209,UKe0b209-221018-b4df7e0a,뭉치,포메라니안,모르겠어요,3.8,00:00.0,https://doggly-bucket-prod.s3.ap-northeast-2.amazonaws.com/dog/size/2489212266/bd9fa1fc.jpeg,https://doggly-bucket-prod.s3.ap-northeast-2.amazonaws.com/dog/size/2489212266/bd9fa1fc.jpeg,28.5,35,11.5,6,USER,USER
65,122,DOec85a1-221016-UKe2c137,UKe2c137-221016-8051b3f7,설탕,비숑 프리제,모르겠어요,4.3,00:00.0,https://doggly-bucket-prod.s3.ap-northeast-2.amazonaws.com/dog/size/2486846720/38bbecaa.jpeg,https://doggly-bucket-prod.s3.ap-northeast-2.amazonaws.com/dog/size/2486846720/38bbecaa.jpeg,39,34,24.2,17.5,USER,USER
66,123,DO1c3368-221012-UKe67ae0,UKe67ae0-221006-626fc91b,도글링,믹스 소형견,모르겠어요,6,00:00.0,https://doggly-bucket-prod.s3.ap-northeast-2.amazonaws.com/dog/size/2361128404/12b1a2f8.jpeg,https://doggly-bucket-prod.s3.ap-northeast-2.amazonaws.com/dog/size/2361128404/12b1a2f8.jpeg,25.3,25.3,25.3,25.3,USER,USER
67,130,DOa4b586-221013-UKf15f62,UKf15f62-221013-e0386b6e,김미소,포메라니안,모르겠어요,3.5,00:00.0,https://doggly-bucket-prod.s3.ap-northeast-2.amazonaws.com/dog/size/2483525086/383e0fab.jpeg,https://doggly-bucket-prod.s3.ap-northeast-2.amazonaws.com/dog/size/2483525086/383e0fab.jpeg,37,33,19,13,USER,USER
68,131,DOf15a4b-221005-UKf3c61a,UKf3c61a-221005-7ace8822,또복,푸들토이,모르겠어요,1.2,00:00.0,https://doggly-bucket-prod.s3.ap-northeast-2.amazonaws.com/dog/size/2471826568/a39df41f.jpeg,https://doggly-bucket-prod.s3.ap-northeast-2.amazonaws.com/dog/size/2471826568/a39df41f.jpeg,26,24,15.5,13,USER,USER
69,132,DO8c6a51-221017-UKf4f8cb,UKf4f8cb-221017-190732b3,복동이,믹스 소형견,모르겠어요,5.5,00:00.0,https://doggly-bucket-prod.s3.ap-northeast-2.amazonaws.com/dog/size/2487790448/927d7c8d.png,https://doggly-bucket-prod.s3.ap-northeast-2.amazonaws.com/dog/size/2487790448/927d7c8d.png,42.7,35.3,27.1,19.5,USER,USER
70,133,DO956790-221018-UKf5ee7a,UKf5ee7a-221018-1f1af74f,미미,요크셔 테리어,모르겠어요,3.5,00:00.0,https://doggly-bucket-prod.s3.ap-northeast-2.amazonaws.com/dog/size/2489340167/2960bee3.jpeg,https://doggly-bucket-prod.s3.ap-northeast-2.amazonaws.com/dog/size/2489340167/2960bee3.jpeg,38,26,22,16,USER,USER
71,134,DO93e81e-221022-UKf684cd,UKf684cd-221022-544dce94,도담,비숑 프리제,모르겠어요,5.5,00:00.0,https://doggly-bucket-prod.s3.ap-northeast-2.amazonaws.com/dog/size/2494070200/5f0ad50f.jpeg,https://doggly-bucket-prod.s3.ap-northeast-2.amazonaws.com/dog/size/2494070200/5f0ad50f.jpeg,45,33,25,20,USER,USER
72,137,DO2d5005-221025-UKfbfa20,UKfbfa20-221025-684c8fd1,모라,웰시 코기,모르겠어요,2.6,00:00.0,https://doggly-bucket-prod.s3.ap-northeast-2.amazonaws.com/dog/size/2497731152/17b06ed8.jpeg,https://doggly-bucket-prod.s3.ap-northeast-2.amazonaws.com/dog/size/2497731152/17b06ed8.jpeg,26.3,21.8,16.1,6.9,USER,USER
73,139,DObf6cce-221023-UKfd66a3,UKfd66a3-221023-43bcb808,모카,시바 이누,모르겠어요,8.6,00:00.0,https://doggly-bucket-prod.s3.ap-northeast-2.amazonaws.com/dog/size/2495971327/7521168f.jpeg,https://doggly-bucket-prod.s3.ap-northeast-2.amazonaws.com/dog/size/2495971327/7521168f.jpeg,47,52.5,31,24,USER,USER
74,141,DOeeaf23-221016-US222225,US222225-220812-fec4081c,최미니,포메라니안,모르겠어요,3.26,00:00.0,https://doggly-bucket-prod.s3.ap-northeast-2.amazonaws.com/dog/size/mini0724/f4e2d370.jpeg,https://doggly-bucket-prod.s3.ap-northeast-2.amazonaws.com/dog/size/mini0724/f4e2d370.jpeg,40,25,28,15,USER,USER
75,142,DOb49b5f-221015-US8571d3,US8571d3-220729-ad7b500f,연탄,프렌치 불독,모르겠어요,9.9,00:00.0,https://doggly-bucket-prod.s3.ap-northeast-2.amazonaws.com/dog/size/lmmlmlm/8361e137.jpeg,https://doggly-bucket-prod.s3.ap-northeast-2.amazonaws.com/dog/size/lmmlmlm/8361e137.jpeg,52,36,37,17,USER,USER
76,143,DO8a9708-221025-US9cc7be,US9cc7be-221025-c6aec720,요미,비숑 프리제,모르겠어요,5.2,00:00.0,https://doggly-bucket-prod.s3.ap-northeast-2.amazonaws.com/dog/size/yoonso0819/b7722ef9.jpeg,https://doggly-bucket-prod.s3.ap-northeast-2.amazonaws.com/dog/size/yoonso0819/b7722ef9.jpeg,42,43.5,31,19,USER,USER
